S0,K,r,sigma,T,True Price,Method,Mean Price,Std Price,Mean Error,Std Error,Mean Runtime,Std Runtime
94.9816047538945,81.25716742746937,0.0677828481538859,0.11550451635058231,0.43046677046288206,16.076716334894712,Monte Carlo,16.076229774838303,0.006045648499103484,0.004430838759434508,0.004141771885449097,0.03989486694335938,0.003928042326400951
94.9816047538945,81.25716742746937,0.0677828481538859,0.11550451635058231,0.43046677046288206,16.076716334894712,Quantum Simulation,10.891522495954984,0.8320012844885278,5.185193838939729,0.8320012844885277,0.018727731704711915,0.03154952837382029
118.02857225639664,105.45641645055122,0.017572596849554395,0.2594063894704444,1.8294675866892416,24.554179614932536,Monte Carlo,24.56320865785344,0.028670786154311165,0.02659500782087356,0.014008681371972526,0.0441533088684082,0.005593407906304288
118.02857225639664,105.45641645055122,0.017572596849554395,0.2594063894704444,1.8294675866892416,24.554179614932536,Quantum Simulation,10.350829681285571,0.8106237593968242,14.203349933646965,0.8106237593968242,0.008779215812683105,0.0008925458068230859
109.2797576724562,92.57423924305307,0.02454658426851524,0.262190536483032,1.13419165178375,23.22412927046946,Monte Carlo,23.225519282408165,0.01443395958548028,0.010794877091073829,0.009682042712859136,0.045499753952026364,0.005798596910335572
109.2797576724562,92.57423924305307,0.02454658426851524,0.262190536483032,1.13419165178375,23.22412927046946,Quantum Simulation,10.55890418245328,1.1038093900165782,12.665225088016182,1.1038093900165782,0.008705902099609374,0.001291829958238028
103.94633936788146,100.34282764658812,0.09086987696743713,0.291228970449462,1.696300565688548,24.973230081876878,Monte Carlo,24.961342050723935,0.02641931731288165,0.024702252727688646,0.015136192458788863,0.04131336212158203,0.007297810110744627
103.94633936788146,100.34282764658812,0.09086987696743713,0.291228970449462,1.696300565688548,24.973230081876878,Quantum Simulation,9.396075695639865,1.0239535601025611,15.577154386237016,1.0239535601025613,0.008426880836486817,0.0014623047022874792
86.24074561769746,116.30265895704372,0.0645786153693631,0.3178274001167985,0.8100868018035705,2.9821527134248385,Monte Carlo,2.9805706295563352,0.008907529587160628,0.008670119981491763,0.0025838135032655745,0.04245710372924805,0.004439544427802536
86.24074561769746,116.30265895704372,0.0645786153693631,0.3178274001167985,0.8100868018035705,2.9821527134248385,Quantum Simulation,10.104328317584779,1.0124964103015857,7.12217560415994,1.0124964103015857,0.008117198944091797,0.0021691912442614457
86.2397808134481,89.971689165955,0.010827734645496669,0.3927556238387604,1.8171656498683508,17.23824958345375,Monte Carlo,17.21454633152983,0.0386578159871024,0.03439424475133705,0.029551765034368824,0.04486243724822998,0.008998429125175367
86.2397808134481,89.971689165955,0.010827734645496669,0.3927556238387604,1.8171656498683508,17.23824958345375,Quantum Simulation,11.098466461882182,1.3703359424389288,6.13978312157157,1.3703359424389288,0.00945122241973877,0.0016254739549113194
82.32334448672798,96.41531692142519,0.019132438857942892,0.25489010449035865,0.9311029377847855,3.829730025944052,Monte Carlo,3.8242877095121193,0.008887070617621867,0.00853018587247174,0.005986214270218046,0.04055795669555664,0.0037187630563878223
82.32334448672798,96.41531692142519,0.019132438857942892,0.25489010449035865,0.9311029377847855,3.829730025944052,Quantum Simulation,10.768449074740257,1.3299044064796686,6.938719048796206,1.3299044064796688,0.008409428596496581,0.0007945209489790127
114.6470458309974,110.22204554172194,0.06971515921972503,0.19688694188237382,0.26896589009052213,8.487276257868444,Monte Carlo,8.488013229420861,0.008198895260385697,0.007041291559125184,0.004264413645419186,0.04358339309692383,0.007494088825950905
114.6470458309974,110.22204554172194,0.06971515921972503,0.19688694188237382,0.26896589009052213,8.487276257868444,Quantum Simulation,11.149954729188641,0.8267112755280135,2.6626784713201967,0.8267112755280135,0.0089111328125,0.0015102290277314422
104.04460046972835,89.15192661966489,0.010455542546159682,0.33855585843061115,1.8344184587337113,26.862241543555847,Monte Carlo,26.866671275427528,0.03417998165374259,0.029730538050179334,0.017435273945424195,0.04033141136169434,0.004355987541044782
104.04460046972835,89.15192661966489,0.010455542546159682,0.33855585843061115,1.8344184587337113,26.862241543555847,Quantum Simulation,11.124573141989954,0.8642630180322287,15.737668401565893,0.8642630180322289,0.008392739295959472,0.0012256663954617617
108.32290311184181,83.07919639315172,0.024472724627574882,0.1812496753786223,0.4097516843757337,26.104877024533337,Monte Carlo,26.115630262994472,0.016152090544451218,0.014947441397062278,0.012373203386336167,0.03996407985687256,0.003792616604876111
108.32290311184181,83.07919639315172,0.024472724627574882,0.1812496753786223,0.4097516843757337,26.104877024533337,Quantum Simulation,11.206063206161986,1.0288657142076527,14.898813818371352,1.028865714207653,0.00851287841796875,0.0014758377665926535
80.8233797718321,91.59005811655072,0.059386041042992756,0.23169142621169087,0.808798865783226,4.208412220918937,Monte Carlo,4.208454366720694,0.007601346521721565,0.005582610775516095,0.005159137732313985,0.04139838218688965,0.004901928389167329
80.8233797718321,91.59005811655072,0.059386041042992756,0.23169142621169087,0.808798865783226,4.208412220918937,Quantum Simulation,10.888258893686185,1.2409412709715872,6.679846672767248,1.2409412709715872,0.0080552339553833,0.0013163534299688155
118.79639408647978,86.44885149016018,0.0722705677923424,0.1235369144026798,1.9126084423389087,43.526734762150625,Monte Carlo,43.52484345734431,0.01893893023272188,0.016004082333605396,0.010301915399063931,0.041222453117370605,0.004574326500811108
118.79639408647978,86.44885149016018,0.0722705677923424,0.1235369144026798,1.9126084423389087,43.526734762150625,Quantum Simulation,9.217631604664325,0.8586073573552649,34.3091031574863,0.8586073573552647,0.008914756774902343,0.0014523172579796934
113.29770563201687,117.18790609370292,0.06867651335523406,0.10760522302463726,1.9135625071407232,13.007831050189807,Monte Carlo,13.006693296296342,0.01453551065602168,0.011245409458248723,0.009279887934115551,0.04179136753082276,0.0031670553237352194
113.29770563201687,117.18790609370292,0.06867651335523406,0.10760522302463726,1.9135625071407232,13.007831050189807,Quantum Simulation,9.151706675072072,0.894733496973685,3.856124375117737,0.894733496973685,0.008088493347167968,0.0013616071325985538
88.49356442713105,112.32481518257669,0.030184237851450385,0.3887945244033776,1.2535163042157507,8.843742986394684,Monte Carlo,8.85511281899603,0.014521076882906126,0.01629987495052827,0.008628374343933641,0.0383573055267334,0.004117499178921529
88.49356442713105,112.32481518257669,0.030184237851450385,0.3887945244033776,1.2535163042157507,8.843742986394684,Quantum Simulation,10.939170848528553,0.7315718119105801,2.09542786213387,0.7315718119105801,0.008663582801818847,0.0014439028269622632
87.27299868828402,105.33615026041694,0.07409612992127823,0.3507940361536618,1.3557151212971488,11.10555774070238,Monte Carlo,11.10749976499683,0.019040403957115825,0.01292135349150687,0.014119032019154376,0.039950013160705566,0.005149509928392879
87.27299868828402,105.33615026041694,0.07409612992127823,0.3507940361536618,1.3557151212971488,11.10555774070238,Quantum Simulation,10.218220754412766,0.7867769844449256,0.9833684345029627,0.662851018338947,0.00820155143737793,0.0015990149855729331
87.33618039413736,114.85842360750871,0.03135241787471201,0.3087922618281094,1.0347796634620596,3.9018505059264363,Monte Carlo,3.904442252559716,0.009742828660057889,0.008202108409774,0.005862190592660391,0.04546425342559814,0.0056085789274730015
87.33618039413736,114.85842360750871,0.03135241787471201,0.3087922618281094,1.0347796634620596,3.9018505059264363,Quantum Simulation,10.998331650625591,1.0964817485760254,7.096481144699153,1.0964817485760254,0.00820174217224121,0.0015670446891359927
92.1696897183815,112.14688307596458,0.0392859728343341,0.222685883324281,0.7631188504716129,2.1198640347291473,Monte Carlo,2.1202976988254654,0.007375194655735661,0.006046013740921596,0.004245854284241844,0.04241278171539307,0.006225838699204875
92.1696897183815,112.14688307596458,0.0392859728343341,0.222685883324281,0.7631188504716129,2.1198640347291473,Quantum Simulation,10.53633928973587,1.0591598179002628,8.416475255006723,1.0591598179002628,0.00875704288482666,0.0015033236550651666
100.99025726528951,87.46280235544144,0.07718422646062217,0.15198829602125374,0.8251629543973529,19.289514950418535,Monte Carlo,19.292731570443642,0.01647467504464905,0.012581265032224209,0.011111855488694339,0.04062440395355225,0.004766421254713855
100.99025726528951,87.46280235544144,0.07718422646062217,0.15198829602125374,0.8251629543973529,19.289514950418535,Quantum Simulation,10.068856897090225,0.7854548342292631,9.220658053328311,0.7854548342292631,0.0077974796295166016,0.001393434304614075
97.27780074568463,115.70235993959912,0.06846696091424932,0.1469311128013258,1.4269072981348172,3.8890543671764277,Monte Carlo,3.888870887959925,0.007973167625547442,0.006727692770995742,0.00428289815277668,0.041203784942626956,0.003878333886709727
97.27780074568463,115.70235993959912,0.06846696091424932,0.1469311128013258,1.4269072981348172,3.8890543671764277,Quantum Simulation,10.036934119770454,0.9409669029065659,6.147879752594027,0.9409669029065659,0.008412623405456543,0.0014355614829815986
91.64916560792167,101.57368967662603,0.08643010694447602,0.1750728694493786,1.56665542651594,9.423687361824285,Monte Carlo,9.417383734966524,0.013805631918871214,0.011939918557862406,0.009368539324400887,0.040297293663024904,0.005130381401714782
91.64916560792167,101.57368967662603,0.08643010694447602,0.1750728694493786,1.56665542651594,9.423687361824285,Quantum Simulation,9.738849445429473,0.9150094497778911,0.6646035312409746,0.7034710927872082,0.008602404594421386,0.0009116691605544962
104.47411578889518,112.2976062065625,0.06918516030703091,0.26476799941183615,1.635263326520235,15.956944264680615,Monte Carlo,15.951939997741468,0.023340240657750554,0.017387928939614383,0.016354493228189087,0.04052050113677978,0.006881225777418186
104.47411578889518,112.2976062065625,0.06918516030703091,0.26476799941183615,1.635263326520235,15.956944264680615,Quantum Simulation,10.502023859156505,0.7165745860985478,5.454920405524109,0.7165745860985478,0.008798527717590331,0.002042076363622944
85.57975442608168,115.84365199693973,0.061147774300192456,0.31437877681001875,1.6318317498904693,7.383400236217771,Monte Carlo,7.386021835634173,0.015209614550158304,0.011285002204623229,0.010528717087381585,0.040508604049682616,0.005637688439397803
85.57975442608168,115.84365199693973,0.061147774300192456,0.31437877681001875,1.6318317498904693,7.383400236217771,Quantum Simulation,9.654901624751295,0.8906361293577696,2.271501388533524,0.8906361293577695,0.00864875316619873,0.0013793568799606174
91.68578594140872,92.72013899887456,0.018430729104528323,0.2980592130153194,0.40961068033520814,6.812530142383736,Monte Carlo,6.813904593977485,0.010625141676714928,0.008061989150488547,0.00705599629898079,0.04265739917755127,0.006516328258185938
91.68578594140872,92.72013899887456,0.018430729104528323,0.2980592130153194,0.40961068033520814,6.812530142383736,Quantum Simulation,11.358922175982615,1.0879874231937585,4.546392033598878,1.0879874231937583,0.008358168601989745,0.0020276968309591867
94.65447373174767,84.40207698110707,0.04309442227534902,0.18398016908378287,1.1152355332295176,16.114485131754,Monte Carlo,16.11703789344484,0.020082811196587967,0.018027335770855045,0.009211463662897022,0.041222000122070314,0.006393186973761168
94.65447373174767,84.40207698110707,0.04309442227534902,0.18398016908378287,1.1152355332295176,16.114485131754,Quantum Simulation,10.107372994788271,0.7917791945668192,6.007112136965729,0.7917791945668193,0.008884143829345704,0.0017870736500504615
98.24279936868143,89.11740650167766,0.03386821309135529,0.3864595841989583,0.3507278300291275,14.521462931457087,Monte Carlo,14.514433244181793,0.011791675830575925,0.011046610175819715,0.008150615050736902,0.039768099784851074,0.005221854601087929
98.24279936868143,89.11740650167766,0.03386821309135529,0.3864595841989583,0.3507278300291275,14.521462931457087,Quantum Simulation,11.372110616164539,0.5705863982845063,3.1493523152925493,0.5705863982845063,0.008776330947875976,0.0014616235044738392
111.40703845572054,97.08431154505026,0.031959067904117525,0.3213690750087306,1.2116755440665372,25.10802181483382,Monte Carlo,25.117140810187752,0.03091531304285323,0.028607481342656983,0.014850072997536786,0.04136919975280762,0.006587116957946381
111.40703845572054,97.08431154505026,0.031959067904117525,0.3213690750087306,1.2116755440665372,25.10802181483382,Quantum Simulation,10.181979130402912,0.6712529429868146,14.926042684430907,0.6712529429868146,0.008585214614868164,0.0012912377247501468
87.98695128633439,112.72059063689971,0.09757094992772011,0.26630621575342023,1.0226783774034098,4.6471173123299465,Monte Carlo,4.650869061795195,0.009906773242474461,0.00880697308468097,0.0058870200622644685,0.04155378341674805,0.0033449312017993288
87.98695128633439,112.72059063689971,0.09757094992772011,0.26630621575342023,1.0226783774034098,4.6471173123299465,Quantum Simulation,10.168047494801806,0.7708444240481862,5.520930182471857,0.7708444240481862,0.008155322074890137,0.001318014691651333
100.56937753654447,114.42922333025373,0.04537879522000844,0.28351622387030573,1.8034823198270247,13.235974008143288,Monte Carlo,13.247151205631322,0.027007617059505613,0.02428650106362511,0.016263670834284327,0.04063096046447754,0.0035675632712410107
100.56937753654447,114.42922333025373,0.04537879522000844,0.28351622387030573,1.8034823198270247,13.235974008143288,Quantum Simulation,10.33279835961983,0.637076137692102,2.903175648523458,0.637076137692102,0.008525609970092773,0.0013974508088141953
103.6965827544817,80.27808522124762,0.0902841899659402,0.225880018728337,0.8641012719661377,29.879302652301448,Monte Carlo,29.88797939928575,0.026221428878161854,0.019840896402666886,0.019214268151057513,0.041825389862060545,0.00543509553810712
103.6965827544817,80.27808522124762,0.0902841899659402,0.225880018728337,0.8641012719661377,29.879302652301448,Quantum Simulation,10.022767356763378,0.7067762392947848,19.856535295538073,0.706776239294785,0.008347296714782714,0.00176731608029135
81.8580165087999,100.42989210310263,0.06680247633975367,0.17431929685034725,0.45486727874831023,0.3210570496914835,Monte Carlo,0.32050931448258446,0.0015238831958284697,0.001188370212921619,0.0011000045866434497,0.041683101654052736,0.005297557486016317
81.8580165087999,100.42989210310263,0.06680247633975367,0.17431929685034725,0.45486727874831023,0.3210570496914835,Quantum Simulation,10.61354419646764,0.7370425024403284,10.292487146776157,0.7370425024403283,0.008299541473388673,0.0012685198767885114
104.30179407605753,96.69644012595116,0.08153301731874836,0.2067918035953785,0.5002354435924627,13.207737470422728,Monte Carlo,13.207760733814997,0.010192552000880756,0.008404235044119624,0.005766930795429206,0.04042789936065674,0.0073863877571302295
104.30179407605753,96.69644012595116,0.08153301731874836,0.2067918035953785,0.5002354435924627,13.207737470422728,Quantum Simulation,10.927116531683332,0.98684670398088,2.2806209387393976,0.98684670398088,0.008245182037353516,0.0018647693912802784
86.82096494749166,88.88431241882921,0.055237338379467295,0.32735383313931077,1.5826436055055764,16.576514933237192,Monte Carlo,16.574556089434658,0.017531913001142933,0.01343661582431963,0.011430765403594976,0.04481325149536133,0.005778316402811861
86.82096494749166,88.88431241882921,0.055237338379467295,0.32735383313931077,1.5826436055055764,16.576514933237192,Quantum Simulation,10.390742629107816,0.8118257625491686,6.185772304129374,0.8118257625491687,0.008136940002441407,0.001428518229042574
82.60206371941118,84.79461469334731,0.06192134961637233,0.10431804658892677,1.3318816108034568,6.529576924507225,Monte Carlo,6.531854102687122,0.005603261802138838,0.004548497987106259,0.003986633836659236,0.040471220016479494,0.004496169738521992
82.60206371941118,84.79461469334731,0.06192134961637233,0.10431804658892677,1.3318816108034568,6.529576924507225,Quantum Simulation,10.190906473198396,0.9154257592920021,3.661329548691171,0.9154257592920021,0.008052802085876465,0.0019774332069514835
117.95542149013333,93.50460685614512,0.05432659244369776,0.13482179215207488,0.4269646832148829,26.599690263896164,Monte Carlo,26.60154904138593,0.008984051291107733,0.006134442236485427,0.006821792272192641,0.041200876235961914,0.007011270329465743
117.95542149013333,93.50460685614512,0.05432659244369776,0.13482179215207488,0.4269646832148829,26.599690263896164,Quantum Simulation,10.402879324972428,1.0742370305364835,16.196810938923736,1.0742370305364837,0.01060025691986084,0.002488147664222335
118.62528132298237,117.71638815650077,0.027571868901824004,0.11380079260652583,0.3971869107012455,4.570467074114646,Monte Carlo,4.570782855872546,0.00770065801640833,0.006170902494553232,0.004617338454890797,0.04310634136199951,0.0075161716719760446
118.62528132298237,117.71638815650077,0.027571868901824004,0.11380079260652583,0.3971869107012455,4.570467074114646,Quantum Simulation,10.655666522316457,0.9151157352388054,6.085199448201813,0.9151157352388054,0.010154151916503906,0.0029961706186543975
112.33589392465845,92.92811728083021,0.07502069037353548,0.11221864069569104,1.47669598005346,29.216562229572133,Monte Carlo,29.211636094725254,0.01801459364090844,0.016040556945641528,0.009565193225978458,0.03901603221893311,0.005209520171889426
112.33589392465845,92.92811728083021,0.07502069037353548,0.11221864069569104,1.47669598005346,29.216562229572133,Quantum Simulation,9.718461085049274,0.7331140857193847,19.498101144522856,0.733114085719385,0.00875236988067627,0.0018738148756381513
92.18455076693482,100.75162486973464,0.03526951261967703,0.3566381752033022,0.3773352611373387,5.228512566457013,Monte Carlo,5.223409513562953,0.004889043936283441,0.005963310791243792,0.0037924693614472746,0.04304053783416748,0.006160649730873262
92.18455076693482,100.75162486973464,0.03526951261967703,0.3566381752033022,0.3773352611373387,5.228512566457013,Quantum Simulation,11.024303197870832,0.8121478978801921,5.79579063141382,0.8121478978801921,0.00925617218017578,0.0015152792376572995
83.90688456025535,108.12075835580711,0.012188436978830847,0.31109735781400716,1.6882551037581233,6.606392232595546,Monte Carlo,6.611777639604755,0.014793079998921902,0.012817267181802894,0.009140869023217538,0.045211386680603025,0.0042680698646891425
83.90688456025535,108.12075835580711,0.012188436978830847,0.31109735781400716,1.6882551037581233,6.606392232595546,Quantum Simulation,10.697593176396499,0.8280188840097854,4.0912009438009544,0.8280188840097854,0.008352303504943847,0.0013863283173161435
107.36932106048627,94.54518409517176,0.06809250663164511,0.24225214872619757,1.4859238975238684,25.462198782293385,Monte Carlo,25.467021736120266,0.02430620624371308,0.020107070436821674,0.014483033661039408,0.04070205688476562,0.004487489768245798
107.36932106048627,94.54518409517176,0.06809250663164511,0.24225214872619757,1.4859238975238684,25.462198782293385,Quantum Simulation,9.812231801496756,0.4879529927116968,15.649966980796625,0.4879529927116968,0.00856609344482422,0.0011929714484543398
97.60609974958405,118.87128330883843,0.025939961146634403,0.12935024819530044,0.3923603661233246,0.031124265020704645,Monte Carlo,0.030878459047897523,0.0004743916550339289,0.0004512980780156585,0.000286003607342392,0.03985421657562256,0.004886139666567575
97.60609974958405,118.87128330883843,0.025939961146634403,0.12935024819530044,0.3923603661233246,0.031124265020704645,Quantum Simulation,10.80942196165485,0.7319981263817377,10.778297696634144,0.7319981263817377,0.008497858047485351,0.0015583078025115966
84.88152939379115,118.49789179768445,0.09464127259176229,0.24748476253504972,0.39846599964908586,0.1721025737950268,Monte Carlo,0.17064103102853162,0.0007966796163487461,0.0014615427664951969,0.0007966796163487461,0.04059441089630127,0.0032737726218471826
84.88152939379115,118.49789179768445,0.09464127259176229,0.24748476253504972,0.39846599964908586,0.1721025737950268,Quantum Simulation,10.313632410841501,1.077706848166101,10.141529837046477,1.077706848166101,0.008576774597167968,0.001423532889068055
99.80707640445081,90.07129183301457,0.09585357193023288,0.24204153123416974,1.976619262377057,28.433464610360822,Monte Carlo,28.429911703126344,0.03322155744558538,0.026938894678781366,0.019763374772863565,0.03977901935577392,0.0034004105563681815
99.80707640445081,90.07129183301457,0.09585357193023288,0.24204153123416974,1.976619262377057,28.433464610360822,Quantum Simulation,9.017841692774319,0.8129393201820684,19.415622917586507,0.8129393201820674,0.00828988552093506,0.0010128318251661245
81.37554084460874,99.88994023569542,0.09233779511984037,0.15196056097300456,0.9049738925732106,1.3973373066880832,Monte Carlo,1.3967522258088572,0.004042534523288895,0.0033589245036151237,0.002324227008326038,0.04154324531555176,0.005484138652554376
81.37554084460874,99.88994023569542,0.09233779511984037,0.15196056097300456,0.9049738925732106,1.3973373066880832,Quantum Simulation,9.967308925536694,1.0044574886199766,8.56997161884861,1.0044574886199766,0.007700824737548828,0.0012702578453142933
116.37281608315129,92.03513239267079,0.04331428302299,0.23015549477139194,0.8986237573670591,28.957998601217128,Monte Carlo,28.952467497717482,0.026579541959834755,0.02443819130205611,0.011825394818038959,0.042452073097229,0.007244381829551351
116.37281608315129,92.03513239267079,0.04331428302299,0.23015549477139194,0.8986237573670591,28.957998601217128,Quantum Simulation,10.907090196848017,1.1026134270591734,18.05090840436911,1.1026134270591734,0.008355975151062012,0.0018210857851414114
90.35119926400068,91.3936197750987,0.011391095487598068,0.21955142031921204,1.6723992427006296,10.506025666197381,Monte Carlo,10.5027673552385,0.011904287627134101,0.01097189250809194,0.005652099521873824,0.040181636810302734,0.0036740240456554427
90.35119926400068,91.3936197750987,0.011391095487598068,0.21955142031921204,1.6723992427006296,10.506025666197381,Quantum Simulation,10.30186346389477,1.0980066119174205,0.9477714386783193,0.5907876307854236,0.008063697814941406,0.0014260851376417692
106.50089137415928,81.47547789418131,0.09354867063289529,0.284755029415665,1.9076850104217526,40.46040002084102,Monte Carlo,40.458462887373955,0.018562019528799465,0.015971238783783547,0.009655080878382407,0.042898821830749514,0.005707681461623893
106.50089137415928,81.47547789418131,0.09354867063289529,0.284755029415665,1.9076850104217526,40.46040002084102,Quantum Simulation,9.539252059966909,0.933073892482155,30.921147960874116,0.9330738924821552,0.007654595375061035,0.0016438045609348088
92.46844304357644,104.38257335919587,0.04853657334855829,0.29052809526029316,1.9755018616900242,13.99490482301836,Monte Carlo,13.994319221327794,0.040318567393685646,0.036939861805643834,0.016167140000603084,0.0397681474685669,0.004158725699217603
92.46844304357644,104.38257335919587,0.04853657334855829,0.29052809526029316,1.9755018616900242,13.99490482301836,Quantum Simulation,10.360415970988416,1.0276641998132952,3.634488852029942,1.0276641998132952,0.008550238609313966,0.0017073026202026073
100.80272084711243,100.10716092915446,0.09699893371393027,0.11359120293161336,1.5684118242031477,15.698646210916053,Monte Carlo,15.695241989150755,0.011714686513829623,0.009952732190624758,0.007054482822030311,0.03973457813262939,0.00313923161799808
100.80272084711243,100.10716092915446,0.09699893371393027,0.11359120293161336,1.5684118242031477,15.698646210916053,Quantum Simulation,9.324783598614337,0.9781280896081964,6.373862612301715,0.9781280896081962,0.008844542503356933,0.0009576447867041513
101.86841117373119,82.05915004999957,0.09672579793803276,0.2123837843879414,0.9084542746791026,27.22660120723917,Monte Carlo,27.23628462513484,0.010193474364493093,0.011201342385913193,0.008497377861158116,0.0423107385635376,0.005532480852437316
101.86841117373119,82.05915004999957,0.09672579793803276,0.2123837843879414,0.9084542746791026,27.22660120723917,Quantum Simulation,10.3283680458421,0.8731651939674883,16.89823316139707,0.8731651939674883,0.008453130722045898,0.001619047605850038
87.39417822102108,91.14585856946445,0.08677085099206241,0.28775797471427095,0.39612625422267034,5.9997256813376865,Monte Carlo,6.006280601382094,0.010864892962859014,0.011338348287818257,0.005696905650183594,0.04278132915496826,0.007141281304551991
87.39417822102108,91.14585856946445,0.08677085099206241,0.28775797471427095,0.39612625422267034,5.9997256813376865,Quantum Simulation,10.652485115930265,1.5618373701312644,4.652759434592577,1.5618373701312644,0.007999801635742187,0.0014838876413309108
118.78338511058234,116.33063543866615,0.03650040028626272,0.25094087757402633,1.6100071028730143,19.44162929087689,Monte Carlo,19.451050372038612,0.026304342801283385,0.02164067066516857,0.017673612919402032,0.044628691673278806,0.007782705361993499
118.78338511058234,116.33063543866615,0.03650040028626272,0.25094087757402633,1.6100071028730143,19.44162929087689,Quantum Simulation,9.82153262271082,0.5752661373621591,9.62009666816607,0.5752661373621591,0.00842738151550293,0.0018256101433460161
111.00531293444459,89.5824756266789,0.04465879557417328,0.35694695235649676,1.2272074370376589,31.80044095986065,Monte Carlo,31.814625992634596,0.03715387156189677,0.03154482852489053,0.024218776190615455,0.040523719787597653,0.0063624114901403555
111.00531293444459,89.5824756266789,0.04465879557417328,0.35694695235649676,1.2272074370376589,31.80044095986065,Quantum Simulation,10.635827976841036,0.7181625897582976,21.164612983019616,0.718162589758297,0.008951687812805175,0.002170776358273659
117.57995766256757,85.79579488364892,0.08660230043651712,0.2976080894856835,0.9923885161822085,40.00022418444286,Monte Carlo,40.028265321420804,0.03099702957903129,0.029462722376668894,0.029649101097579216,0.0397296667098999,0.004145782927876614
117.57995766256757,85.79579488364892,0.08660230043651712,0.2976080894856835,0.9923885161822085,40.00022418444286,Quantum Simulation,10.213404629338696,0.6785869616708938,29.78681955510416,0.6785869616708935,0.008549880981445313,0.001385775403900936
115.79309401710594,99.57811041110253,0.03852298046406499,0.14888032812442892,1.836120173915788,24.44959193241914,Monte Carlo,24.459870677842076,0.030595604138530984,0.025690093155937177,0.019538749031361508,0.04396524429321289,0.005341287933969634
115.79309401710594,99.57811041110253,0.03852298046406499,0.14888032812442892,1.836120173915788,24.44959193241914,Quantum Simulation,10.29167740715369,1.086569737914006,14.157914525265449,1.086569737914006,0.008467364311218261,0.0016371860449511915
103.9159991524434,119.42601816442402,0.025254347201748326,0.12117062422012896,0.4445955940357649,0.21644142244224085,Monte Carlo,0.21639728719160067,0.0013958035789093132,0.0011176883837938744,0.0008372503974184515,0.042938947677612305,0.005108766738271967
103.9159991524434,119.42601816442402,0.025254347201748326,0.12117062422012896,0.4445955940357649,0.21644142244224085,Quantum Simulation,11.192621405942697,1.0927090161628374,10.976179983500455,1.0927090161628374,0.009427571296691894,0.002516587644306598
116.87496940092467,89.68221086046002,0.060112113621251524,0.2927257834618947,1.1120939325090036,35.1805101750481,Monte Carlo,35.16007544769282,0.024227523460685886,0.021374015583676707,0.02340304324124035,0.042076826095581055,0.004094826967590672
116.87496940092467,89.68221086046002,0.060112113621251524,0.2927257834618947,1.1120939325090036,35.1805101750481,Quantum Simulation,10.292428483552445,0.9469011257619206,24.88808169149565,0.9469011257619201,0.008771014213562012,0.0015784510341025858
83.53970008207678,106.88542189623514,0.09425392967447029,0.10795339316248655,0.26986887834298334,4.852088877930387e-05,Monte Carlo,5.438825035636387e-05,1.533439314271967e-05,1.2976500752136065e-05,1.0058825635294617e-05,0.04109368324279785,0.008032545906662615
83.53970008207678,106.88542189623514,0.09425392967447029,0.10795339316248655,0.26986887834298334,4.852088877930387e-05,Quantum Simulation,10.092979977996652,0.9294188755966414,10.092931457107872,0.9294188755966414,0.00926668643951416,0.0016568917364967748
87.83931449676581,110.46478461314871,0.07264268170074757,0.275732674382039,1.070156123489721,5.065382199976046,Monte Carlo,5.063795800167051,0.013234650627926387,0.011372223691637462,0.006953069099657588,0.040794777870178225,0.005387033945533566
87.83931449676581,110.46478461314871,0.07264268170074757,0.275732674382039,1.070156123489721,5.065382199976046,Quantum Simulation,10.355829234790017,1.0500825701192154,5.290447034813971,1.0500825701192154,0.008949780464172363,0.002327743751961594
81.80909155642152,89.50550175969599,0.06130550530804286,0.38206907242748733,0.34853073244321536,5.0514329034539855,Monte Carlo,5.04663961481438,0.009693801614194851,0.009393995026873192,0.005357075989102567,0.04451897144317627,0.00761421786420151
81.80909155642152,89.50550175969599,0.06130550530804286,0.38206907242748733,0.34853073244321536,5.0514329034539855,Quantum Simulation,10.935821700838067,1.1765536488874706,5.884388797384084,1.1765536488874706,0.008002018928527832,0.001181015153908318
93.01321323053057,109.12865394447438,0.01874588443936917,0.2726422533627637,0.45793135346912583,2.1438750837390046,Monte Carlo,2.1408441898551898,0.003961580992863424,0.003778049867129196,0.00325680532108527,0.04113891124725342,0.004978748883068954
93.01321323053057,109.12865394447438,0.01874588443936917,0.2726422533627637,0.45793135346912583,2.1438750837390046,Quantum Simulation,10.701737334127838,1.133522820702449,8.557862250388833,1.133522820702449,0.00871574878692627,0.0011029837502559508
95.54709158757927,94.71132530877013,0.06535065040292529,0.2164509778619566,0.45567093185993357,7.455211323016663,Monte Carlo,7.455191664655686,0.005824427276838596,0.005355336582957992,0.0022901331047713194,0.04196743965148926,0.006682912646435642
95.54709158757927,94.71132530877013,0.06535065040292529,0.2164509778619566,0.45567093185993357,7.455211323016663,Quantum Simulation,10.946139767757575,0.7519964079546658,3.4909284447409115,0.7519964079546658,0.008585143089294433,0.001716238119991642
90.85396127095584,105.29223322374318,0.0991048465093837,0.292986465532706,1.3861180287031112,12.047653627215396,Monte Carlo,12.031552285723958,0.014470962393890998,0.017541074320705972,0.01268750023072965,0.043369507789611815,0.005784599752898166
90.85396127095584,105.29223322374318,0.0991048465093837,0.292986465532706,1.3861180287031112,12.047653627215396,Quantum Simulation,9.463469009684713,0.6703077028113474,2.584184617530682,0.6703077028113474,0.008186650276184083,0.0013106790754916563
113.14950036607718,105.34118843043579,0.022607561371287166,0.23747586714745503,1.5555785387144907,19.176171757843832,Monte Carlo,19.18156810675267,0.035455704065004465,0.02831244407060609,0.022014382640444644,0.03999011516571045,0.005009150259950928
113.14950036607718,105.34118843043579,0.022607561371287166,0.23747586714745503,1.5555785387144907,19.176171757843832,Quantum Simulation,10.19797826733271,0.7368812497663119,8.978193490511122,0.7368812497663119,0.008460164070129395,0.0015830626083108263
94.27013306774357,101.43098736299034,0.056649668712736315,0.2636850367947805,1.2708953389200293,11.087947854017337,Monte Carlo,11.08424623089565,0.015723928220941992,0.01187831601286451,0.010947581519717585,0.04251797199249267,0.006431892815981842
94.27013306774357,101.43098736299034,0.056649668712736315,0.2636850367947805,1.2708953389200293,11.087947854017337,Quantum Simulation,9.829239135973697,0.6883951578595917,1.258708718043638,0.6883951578595917,0.008366703987121582,0.0016338882673369351
91.23738038749524,83.61159080217634,0.08896357647351599,0.3824394426329576,1.9338019598304483,29.28331195891073,Monte Carlo,29.299610827498014,0.031088589720239774,0.03263908008014589,0.01291680995992468,0.04017386436462402,0.004711458013264874
91.23738038749524,83.61159080217634,0.08896357647351599,0.3824394426329576,1.9338019598304483,29.28331195891073,Quantum Simulation,9.335510889739043,0.4861441511740199,19.947801069171685,0.4861441511740209,0.008163785934448243,0.0015830126208646127
101.70784332632994,113.41209982356952,0.0766691755978784,0.2158307913402323,0.9060235141664821,6.597366869472879,Monte Carlo,6.597742576827109,0.012859021028413478,0.011801728165440738,0.005120038098905608,0.040531325340271,0.004888436382190816
101.70784332632994,113.41209982356952,0.0766691755978784,0.2158307913402323,0.9060235141664821,6.597366869472879,Quantum Simulation,10.441878581290037,0.7227373391565507,3.844511711817159,0.7227373391565507,0.008361530303955079,0.0009648006596059761
85.63696899899051,92.83120259886944,0.07273141668957411,0.38835716914717433,0.7499961509932562,10.489256458176762,Monte Carlo,10.49976033661811,0.01552802636792741,0.016559725072270482,0.008787864969633054,0.04254958629608154,0.006710748438714703
85.63696899899051,92.83120259886944,0.07273141668957411,0.38835716914717433,0.7499961509932562,10.489256458176762,Quantum Simulation,10.797646525758148,0.6657820513026701,0.6661871376102877,0.3075140180581297,0.008452582359313964,0.0013123759557225668
112.08787923016159,87.46074041599417,0.07322356755883984,0.3716051925868191,1.7700484743315554,41.029699164091895,Monte Carlo,41.02500490179152,0.04477888911719027,0.03860775244520696,0.023165199335294904,0.04299590587615967,0.006339605563095451
112.08787923016159,87.46074041599417,0.07322356755883984,0.3716051925868191,1.7700484743315554,41.029699164091895,Quantum Simulation,9.961493740098012,1.0103953384996642,31.06820542399388,1.010395338499664,0.008836078643798827,0.001848363162864443
82.98202574719083,81.63100566219056,0.04235420360977797,0.15873734043678894,0.6412927174090421,6.124071208603802,Monte Carlo,6.124747624018886,0.004951310467780693,0.004130441088492543,0.002812911228000592,0.04214098453521729,0.005761863580333624
82.98202574719083,81.63100566219056,0.04235420360977797,0.15873734043678894,0.6412927174090421,6.124071208603802,Quantum Simulation,10.770449913091191,0.7428046931585033,4.646378704487388,0.7428046931585033,0.008470749855041504,0.001764086180514799
119.47547746402068,103.63571772752968,0.03642326598380441,0.12080839026254964,1.9356394440210698,23.776404679072655,Monte Carlo,23.77726918930348,0.017318546875697127,0.01355762084940899,0.0108106595880452,0.04242715835571289,0.00721887557104034
119.47547746402068,103.63571772752968,0.03642326598380441,0.12080839026254964,1.9356394440210698,23.776404679072655,Quantum Simulation,10.039634343133477,1.1379498313206835,13.736770335939179,1.137949831320684,0.00854043960571289,0.0014721466447373543
110.8897907718663,107.1025744736913,0.08284250399306622,0.130233400413228,0.2712703307071786,6.9800882532700115,Monte Carlo,6.980131103482452,0.00550784667088548,0.004789019111461457,0.002720938632300896,0.04508359432220459,0.007741936613993875
110.8897907718663,107.1025744736913,0.08284250399306622,0.130233400413228,0.2712703307071786,6.9800882532700115,Quantum Simulation,10.533601499955768,0.7349098768887865,3.5535132466857546,0.7349098768887865,0.008258748054504394,0.0015906079487484123
87.9486272613669,80.66351315711425,0.08291020552112627,0.10546654769546493,1.9472879467383684,19.528009692046723,Monte Carlo,19.5304429442981,0.010082066260520264,0.00824727309673996,0.006288979493377362,0.042603254318237305,0.006875825605817254
87.9486272613669,80.66351315711425,0.08291020552112627,0.10546654769546493,1.9472879467383684,19.528009692046723,Quantum Simulation,9.470617598768872,0.7102822717421641,10.057392093277851,0.7102822717421641,0.007986688613891601,0.0014815259954175871
80.2208846849441,100.48372233197124,0.08803650867220934,0.12833288822677852,0.3255298459135082,0.007224661061983884,Monte Carlo,0.007215284032715633,0.00013377686609677495,0.00010397511667261817,8.469565333290456e-05,0.04035096168518067,0.0051450736980066455
80.2208846849441,100.48372233197124,0.08803650867220934,0.12833288822677852,0.3255298459135082,0.007224661061983884,Quantum Simulation,10.835964725166614,0.8822216518158194,10.828740064104629,0.8822216518158194,0.008740973472595216,0.0014424340510161898
112.61845713819336,89.05983100791752,0.09219164973008243,0.30490203202490707,1.8095004489716244,40.47600218134935,Monte Carlo,40.47512081050532,0.021768637702789653,0.016545422916431816,0.014173897929519794,0.03995382785797119,0.00397756686947244
112.61845713819336,89.05983100791752,0.09219164973008243,0.30490203202490707,1.8095004489716244,40.47600218134935,Quantum Simulation,9.188835381945001,0.9271162623333519,31.287166799404353,0.927116262333352,0.007882070541381837,0.0012270205944882083
108.27429375390469,105.80691161637799,0.05602081589748441,0.12135659453806871,1.1734769409010246,11.224616953389187,Monte Carlo,11.223926767155685,0.008679826467394075,0.007455033400085753,0.004498691092373066,0.03804454803466797,0.0038478632180405
108.27429375390469,105.80691161637799,0.05602081589748441,0.12135659453806871,1.1734769409010246,11.224616953389187,Quantum Simulation,10.18588833019232,1.009582592709164,1.1927982369272594,0.8218555409152136,0.008791208267211914,0.0009839242321241309
109.1602867216395,86.97465716019965,0.05513646652184797,0.19569268908812842,1.9876883932087757,32.57315134947086,Monte Carlo,32.560164074670354,0.020927325805019242,0.021672321545214857,0.011701826820379863,0.04080567359924316,0.004710132614746899
109.1602867216395,86.97465716019965,0.05513646652184797,0.19569268908812842,1.9876883932087757,32.57315134947086,Quantum Simulation,9.654739062509867,0.512309346936414,22.918412286960994,0.5123093469364138,0.008119893074035645,0.0011351929893596432
110.85081386743784,107.63750952409865,0.08184656610700977,0.3534625932908364,0.379143988286948,12.931048188391202,Monte Carlo,12.941389672101959,0.014720755926117384,0.012257523021426842,0.013168146025747406,0.042386770248413086,0.007001070723974478
110.85081386743784,107.63750952409865,0.08184656610700977,0.3534625932908364,0.379143988286948,12.931048188391202,Quantum Simulation,10.179171509368958,0.8637313441362832,2.7518766790222444,0.8637313441362832,0.009868478775024414,0.003229552412921535
82.96178606936361,95.46941385202149,0.06849675376999886,0.10698158072074776,1.2192449977023114,2.0498671725606776,Monte Carlo,2.0497152058240515,0.004965852061139996,0.004014510832869034,0.002926855540498414,0.04250924587249756,0.006768156263359087
82.96178606936361,95.46941385202149,0.06849675376999886,0.10698158072074776,1.2192449977023114,2.0498671725606776,Quantum Simulation,10.103019084258655,0.9660649604259586,8.053151911697976,0.9660649604259585,0.009456729888916016,0.0019271118433029266
94.33862914177091,117.46919954946938,0.0731770189531933,0.34434054477668075,1.9462794373334231,15.087313707239431,Monte Carlo,15.095165189777877,0.027006125250679847,0.023195040974640334,0.015904925441248167,0.04163644313812256,0.009151348559459736
94.33862914177091,117.46919954946938,0.0731770189531933,0.34434054477668075,1.9462794373334231,15.087313707239431,Quantum Simulation,9.83466482089241,0.6361297673956845,5.25264888634702,0.6361297673956845,0.00842721462249756,0.0018855006343608369
84.63476238100519,85.50083776583973,0.0816213402492491,0.18455643243202,1.1654212272977604,10.463117631340452,Monte Carlo,10.46105204075204,0.010542390415465319,0.008608901265787594,0.006426155860773127,0.05106194019317627,0.004234264649834829
84.63476238100519,85.50083776583973,0.0816213402492491,0.18455643243202,1.1654212272977604,10.463117631340452,Quantum Simulation,9.9482231563028,0.8472872154507695,0.8896713979627615,0.43760341582030976,0.00822465419769287,0.0010194171786769763
114.52413703502374,93.64265404201034,0.09010048076358097,0.13544944828649688,1.3514476167367095,31.730124547981532,Monte Carlo,31.722608584102744,0.010612011780809292,0.01100347864364295,0.006930221122174934,0.04782810211181641,0.0068430349333002665
114.52413703502374,93.64265404201034,0.09010048076358097,0.13544944828649688,1.3514476167367095,31.730124547981532,Quantum Simulation,9.668081477227208,0.7152663859769083,22.062043070754328,0.7152663859769085,0.01028580665588379,0.0014796704567666382
104.93192507310232,84.53894084962356,0.040419564116638225,0.3090211496092452,1.46756020572308,29.817394324654643,Monte Carlo,29.81213388099867,0.02750773195243466,0.023169660626669853,0.015732590729743312,0.04971680641174316,0.0028458534043280933
104.93192507310232,84.53894084962356,0.040419564116638225,0.3090211496092452,1.46756020572308,29.817394324654643,Quantum Simulation,10.726475341695473,0.800478002592463,19.09091898295917,0.8004780025924624,0.010053205490112304,0.0017307116013934578
93.23592099410597,116.98774473114251,0.04380246573759497,0.2886828540339652,1.0454468633436031,4.940568515054373,Monte Carlo,4.935274284836876,0.019260439233191044,0.017774494975258025,0.009113765491049136,0.05229337215423584,0.003136866092945546
93.23592099410597,116.98774473114251,0.04380246573759497,0.2886828540339652,1.0454468633436031,4.940568515054373,Quantum Simulation,10.090195183487754,0.7235528033156766,5.149626668433382,0.7235528033156766,0.0110548734664917,0.001905997606209813
82.54233401144094,115.09357413523924,0.01845837458567821,0.3632416040581159,1.348226640147111,5.449977054622039,Monte Carlo,5.448023229737468,0.012192562450760079,0.009499300878371208,0.007889188400426957,0.05800023078918457,0.006501573727079344
82.54233401144094,115.09357413523924,0.01845837458567821,0.3632416040581159,1.348226640147111,5.449977054622039,Quantum Simulation,11.286596774279818,0.7634182427596833,5.836619719657779,0.7634182427596833,0.012110018730163574,0.0016170460005716202
92.4392928686265,90.31766510860622,0.06204521268965567,0.3205213131411658,1.2725500458654255,17.601421872089425,Monte Carlo,17.62066492109128,0.027081203493070395,0.024471383349534293,0.022468598409354466,0.05799288749694824,0.003833600197030102
92.4392928686265,90.31766510860622,0.06204521268965567,0.3205213131411658,1.2725500458654255,17.601421872089425,Quantum Simulation,10.556700400135481,0.8687166699100416,7.0447214719539435,0.8687166699100416,0.0123948335647583,0.0020384695963342725
93.00733288106989,106.39936184136715,0.013234804641706788,0.34104427911545465,1.8270265183592307,13.020071158185019,Monte Carlo,13.02287294266381,0.047182545410278325,0.037918707566768003,0.02821726783592833,0.06247124671936035,0.006195709963545096
93.00733288106989,106.39936184136715,0.013234804641706788,0.34104427911545465,1.8270265183592307,13.020071158185019,Quantum Simulation,10.946093763115721,0.9447027142059256,2.0739773950692997,0.9447027142059256,0.01288135051727295,0.002011833475051241
109.18424713352256,112.68888800804864,0.05190382163192142,0.18461037177139195,0.32953116559755125,3.894134879897827,Monte Carlo,3.8945165794132506,0.004578813328313171,0.0034294376858819307,0.0030578069223326757,0.08551361560821533,0.007301223658316954
109.18424713352256,112.68888800804864,0.05190382163192142,0.18461037177139195,0.32953116559755125,3.894134879897827,Quantum Simulation,10.590306240301754,1.1495875104312012,6.696171360403926,1.1495875104312012,0.015481877326965331,0.0033629112402947933
105.50229885420853,102.2080324639785,0.058838017123681904,0.15323186313391685,0.7416855817864031,10.025667609947178,Monte Carlo,10.023626755231145,0.006040208259823257,0.005024257690842404,0.003925052668436307,0.08696279525756836,0.01291325039190801
105.50229885420853,102.2080324639785,0.058838017123681904,0.15323186313391685,0.7416855817864031,10.025667609947178,Quantum Simulation,10.634636640011996,0.7963031898766912,0.8048070934510794,0.5976851948281016,0.02013740539550781,0.00272302605853382
115.48850970305307,101.18602313424026,0.0357887126915456,0.32518442549225757,1.9132200971339777,30.972298979142764,Monte Carlo,30.970656316739518,0.061542921912332654,0.04999508639548935,0.03592660453739087,0.1170393943786621,0.036568115695553814
115.48850970305307,101.18602313424026,0.0357887126915456,0.32518442549225757,1.9132200971339777,30.972298979142764,Quantum Simulation,10.354195067012594,0.9396548547786537,20.618103912130163,0.9396548547786542,0.033220958709716794,0.005435431177891365
98.88859700647797,89.67409163601806,0.06317499345121097,0.34205042178017925,1.8079616218091035,27.375525039964337,Monte Carlo,27.387336607811186,0.035501387786077546,0.03482052414200325,0.01368914782644737,0.07856440544128418,0.008864152404225917
98.88859700647797,89.67409163601806,0.06317499345121097,0.34205042178017925,1.8079616218091035,27.375525039964337,Quantum Simulation,9.984866725318335,0.7950087705195727,17.390658314646004,0.7950087705195727,0.018064475059509276,0.003065473504776003
84.78376983753206,83.72411071223597,0.012745022494514448,0.397151542600202,1.0473993173749976,14.591063134044973,Monte Carlo,14.603757273777688,0.029039937407080243,0.025697130700296177,0.018550380641182362,0.07544496059417724,0.007661549614593616
84.78376983753206,83.72411071223597,0.012745022494514448,0.397151542600202,1.0473993173749976,14.591063134044973,Quantum Simulation,11.003133018654172,0.6582144697186931,3.5879301153908,0.6582144697186931,0.017009329795837403,0.002444839029388168
108.5297914889198,115.88863031813307,0.013361336987429298,0.22378530307342798,1.3352320461526892,8.976771182928267,Monte Carlo,8.980410022837024,0.021475284959525113,0.018996808455386115,0.010655997770445489,0.07541832923889161,0.004514832693956848
108.5297914889198,115.88863031813307,0.013361336987429298,0.22378530307342798,1.3352320461526892,8.976771182928267,Quantum Simulation,10.87131014030999,0.7830748226756927,1.8945389573817237,0.7830748226756927,0.015806245803833007,0.002279440300696755
110.4314019446759,116.01672228653322,0.08403405045936925,0.21160542573783497,0.7354170702169822,8.636585074545529,Monte Carlo,8.642262017696323,0.018726798738558974,0.017040990355997643,0.009619008380214868,0.08296012878417969,0.011753186374606152
110.4314019446759,116.01672228653322,0.08403405045936925,0.21160542573783497,0.7354170702169822,8.636585074545529,Quantum Simulation,9.653587163149465,0.9769543155412665,1.165000140216606,0.7946745599141584,0.017051887512207032,0.0025605667094506543
102.45108790277985,105.32405829093072,0.04241715772701367,0.3329238882225991,0.5792120295165823,10.186639154814088,Monte Carlo,10.179925530636702,0.02237412371903534,0.02106656731630636,0.010093260290778857,0.09483256340026855,0.027740673279634274
102.45108790277985,105.32405829093072,0.04241715772701367,0.3329238882225991,0.5792120295165823,10.186639154814088,Quantum Simulation,11.16723925472824,0.7896098283775226,1.009873899751524,0.7518077836938595,0.014559006690979004,0.002251075160476727
110.83868719818244,93.56119164194803,0.02143544613866963,0.20224106207590536,1.0614722086449688,21.396981125284597,Monte Carlo,21.398711247828356,0.022880020037517178,0.0164098680940409,0.016037607990900277,0.14773662090301515,0.039486482512185866
110.83868719818244,93.56119164194803,0.02143544613866963,0.20224106207590536,1.0614722086449688,21.396981125284597,Quantum Simulation,10.98225485591108,0.9006438808774195,10.414726269373517,0.9006438808774195,0.04181981086730957,0.016986109204625142
99.75182385457563,93.96838298450643,0.0570018934049324,0.3792271976810695,0.8683663990455924,19.048639451202845,Monte Carlo,19.048622150559957,0.02218684329735774,0.017311670016928106,0.013876685340481882,0.11035668849945068,0.02175336386043366
99.75182385457563,93.96838298450643,0.0570018934049324,0.3792271976810695,0.8683663990455924,19.048639451202845,Quantum Simulation,10.432607290734566,1.0453949631714392,8.616032160468283,1.0453949631714392,0.03260889053344727,0.00860896955721599
100.90931317527976,109.03822715480958,0.07929941977887497,0.35752382555290363,1.2713981957390261,17.124185578714105,Monte Carlo,17.13085346749915,0.02980332280801261,0.024411946282987883,0.01835090379041057,0.10200164318084717,0.006475438211768727
100.90931317527976,109.03822715480958,0.07929941977887497,0.35752382555290363,1.2713981957390261,17.124185578714105,Quantum Simulation,10.556210014984055,1.16790843261271,6.567975563730049,1.16790843261271,0.025976967811584473,0.002649570028450872
97.10164073434198,115.88441039810309,0.02942389247471589,0.22869820821250553,0.3860356146887235,0.9023146902842107,Monte Carlo,0.904650296712127,0.0030179726708066804,0.0032156446372198612,0.002054956446005341,0.10355796813964843,0.015060219498727668
97.10164073434198,115.88441039810309,0.02942389247471589,0.22869820821250553,0.3860356146887235,0.9023146902842107,Quantum Simulation,10.755139470271564,1.0373100303373204,9.852824779987353,1.0373100303373204,0.02797849178314209,0.004377235202183541
81.0167650697638,115.48345697060469,0.06606014282371003,0.32526132033744926,1.9551909134157914,8.10884337892406,Monte Carlo,8.113981329946583,0.022946531071119224,0.020510415142260107,0.011500639095277331,0.08047242164611816,0.011432675404100623
81.0167650697638,115.48345697060469,0.06606014282371003,0.32526132033744926,1.9551909134157914,8.10884337892406,Quantum Simulation,9.984423679758075,0.9462829815023588,1.8755803008340144,0.9462829815023589,0.022645044326782226,0.002969412633426664
84.31565707973218,111.19502183430495,0.01768127184943912,0.3263628622254048,1.975868802839305,8.163563910638782,Monte Carlo,8.169196301766101,0.020663378569935307,0.01911454108316608,0.009660919361816072,0.08120460510253906,0.018310113524174183
84.31565707973218,111.19502183430495,0.01768127184943912,0.3263628622254048,1.975868802839305,8.163563910638782,Quantum Simulation,10.727598471116087,0.6046411744764717,2.564034560477306,0.6046411744764717,0.02290520668029785,0.006185520767898763
